,Dynamic Spectral,PulseID,Source,Telescope,Date,Repeater,Receiver,Observing_band,MJD,GL,GB,SNR,DM_SNR,DM_SNR_err,DM_alig,DM_alig_err,Flux_density,Flux_density_err,Width,Width_err,Freq_high,Freq_low,Freq_peak,Fluence,Fluence_err,Energy,Energy_err,Polar_l,Polar_l_err,Polar_c,Polar_c_err,RM_syn,RM_syn_err,RM_QUfit,RM_QUfit_err,Scatt_t,Scatt_t_err,Scin_f,Scin_f_err,Reference,UMAP_cluster
3173,https://fastzjlab-imgs.alkaidos.cn/img/plain/blinkverse/data/frb/frb20190517c_3571.jpg,3571,FRB20190517C,CHIME,,0.0,,400-800,58620.9212305871,182.48,-0.37,58.3,335.5746,+0.0043/-0.0043,,,3.1,+1.2/-1.2,1.97,,539.4,400.2,435.5,8.7,+2.8/-2.8,,,,,,,,,,,0.149,+0.012/-0.012,,,https://www.chime-frb.ca/catalog,1
3408,https://fastzjlab-imgs.alkaidos.cn/img/plain/blinkverse/data/frb/frb20190625c_3642.jpg,3642,FRB20190625C,CHIME,,0.0,,400-800,58659.7751895579,188.2,-20.14,21.1,442.2388,+0.0043/-0.0043,,,2.22,+0.59/-0.59,0.98,,768.7,400.2,410.7,4.02,+0.83/-0.83,,,,,,,,,,,<0.63,,,,https://www.chime-frb.ca/catalog,1
3401,https://fastzjlab-imgs.alkaidos.cn/img/plain/blinkverse/data/frb/frb20190614b_3620.jpg,3620,FRB20190614B,CHIME,,0.0,,400-800,58648.5286848393,82.65,-25.4,54.8,581.9146,+0.0013/-0.0013,,,4.5,+1.6/-1.6,1.97,,800.2,400.2,463.9,8.4,+2.8/-2.8,,,,,,,,,,,<0.68,,,,https://www.chime-frb.ca/catalog,1
5313,https://fastzjlab-imgs.alkaidos.cn/img/plain/blinkverse/data/frb/frb20000925a_5574.png,5574,FRB20000925A,Parkes,,0.0,13 beam,1230-1518,51812.7695647,281.0488,-33.9843,7.5,206.6,,,,,,20.15,,,,,,,,,,,,,,,,,,,,,https://doi.org/10.1093/mnras/stab2275,0
3223,https://fastzjlab-imgs.alkaidos.cn/img/plain/blinkverse/data/frb/frb20190224a_3443.jpg,3443,FRB20190224A,CHIME,,0.0,,400-800,58538.095049331,128.22,22.58,28.6,818.4,+0.09/-0.09,,,0.63,+0.32/-0.32,16.71,,497.5,400.2,408.9,8.5,+3.1/-3.1,,,,,,,,,,,5.77,+0.75/-0.75,,,https://www.chime-frb.ca/catalog,1
3057,https://fastzjlab-imgs.alkaidos.cn/img/plain/blinkverse/data/frb/frb20170416a_3136.png,3136,FRB20170416A,ASKAP,,0.0,PAF,1152-1488,57859.966548604,337.62,-50.05,13.0,523.2,+0.2/-0.2,,,19.4,,5,+0.6/-0.6,,,,97,+2/-2,,,,,,,,,,,,,,,https://doi.org/10.1038/s41586-018-0588-y,0
5346,https://fastzjlab-imgs.alkaidos.cn/img/plain/blinkverse/data/frb/frb19990511b_5607.png,5607,FRB19990511B,Parkes,,0.0,13 beam,1230-1518,51309.64295752,308.9706,-10.69,7.7,410.0,,,,,,10.08,,,,,,,,,,,,,,,,,,,,,https://doi.org/10.1093/mnras/stab2275,0
3345,https://fastzjlab-imgs.alkaidos.cn/img/plain/blinkverse/data/frb/frb20190605c_3602.jpg,3602,FRB20190605C,CHIME,,0.0,,400-800,58639.097709306,262.97,49.91,47.5,187.6421,+0.0023/-0.0023,187.713,+0.005/-0.005,4.6,+1.5/-1.5,0.98,,573.9,400.2,452.2,4.4,+1.5/-1.5,,,31.9,+0.7/-0.7,,,-64.68,+0.09/-0.09,-0.1,+0.04/-0.04,<0.52,,,,"[https://www.chime-frb.ca/catalog, https://arxiv.org/abs/2401.17378]",1
3000,https://fastzjlab-imgs.alkaidos.cn/img/plain/blinkverse/data/frb/frb20181218c_3298.jpg,3298,FRB20181218C,CHIME,,0.0,,400-800,58470.885965584,88.61,21.24,13.5,384.153,+0.099/-0.099,,,0.25,+0.17/-0.17,4.92,,718.5,400.2,472.7,1.73,+0.73/-0.73,,,,,,,,,,,<6.8,,,,https://www.chime-frb.ca/catalog,1
3117,https://fastzjlab-imgs.alkaidos.cn/img/plain/blinkverse/data/frb/frb20181129b_3270.jpg,3270,FRB20181129B,CHIME,,0.0,,400-800,58451.481558154,114.35,23.24,25.7,405.905,+0.0049/-0.0049,,,4,+3/-3,1.97,,642.7,482.3,556.8,9.5,+6.3/-6.3,,,,,,,,,,,0.83,+0.12/-0.12,,,https://www.chime-frb.ca/catalog,1
3182,https://fastzjlab-imgs.alkaidos.cn/img/plain/blinkverse/data/frb/frb20181119c_3255.jpg,3255,FRB20181119C,CHIME,,0.0,,400-800,58441.7127515106,123.39,34.96,40.7,284.9594,+0.0025/-0.0025,,,2.8,+1.3/-1.3,0.98,,657.7,400.2,400.2,3.5,+1.6/-1.6,,,,,,,,,,,<0.48,,,,https://www.chime-frb.ca/catalog,1
3425,,3693,FRB20220105A,ASKAP,,0.0,Band 3,1632.5,59584.01341053,18.84,74.68,10.0,583.0,1,,,,,,,,,,,,,,,,,,,,,,,,,,https://www.wis-tns.org/object/20220105a,0
3180,https://fastzjlab-imgs.alkaidos.cn/img/plain/blinkverse/data/frb/frb20181022d_3234.jpg,3234,FRB20181022D,CHIME,,0.0,,400-800,58413.7454945557,170.49,75.08,52.1,514.33426,+0.00093/-0.00093,,,2.9,+1.3/-1.3,1.97,,800.2,505.7,754.7,6.2,+2.8/-2.8,,,,,,,,,,,<0.63,,,,https://www.chime-frb.ca/catalog,1
2870,https://fastzjlab-imgs.alkaidos.cn/img/plain/blinkverse/data/frb/frb20171020a_3147.png,3147,FRB20171020A,ASKAP,,0.0,PAF,1152-1488,58046.436523133,29.3,-51.3,19.5,114.1,+0.2/-0.2,,,117.6,,1.7,+0.2/-0.2,,,,200,+500/-100,,,,,,,,,,,,,,,https://doi.org/10.1038/s41586-018-0588-y,0
5376,https://fastzjlab-imgs.alkaidos.cn/img/plain/blinkverse/data/frb/frb20010702a_5637.png,5637,FRB20010702A,Parkes,,0.0,13 beam,,52092.41870139,349.4568,-18.7726,7.9,105.0,,,,,,3.01,,,,,,,,,,,,,,,,,,,,,https://doi.org/10.1093/mnras/stab2275,0
5360,https://fastzjlab-imgs.alkaidos.cn/img/plain/blinkverse/data/frb/frb20010122a_5621.png,5621,FRB20010122A,Parkes,,0.0,13 beam,,51931.08858368,326.516,-14.31,7.2,128.6,,,,,,2.99,,,,,,,,,,,,,,,,,,,,,https://doi.org/10.1093/mnras/stab2275,0
3210,https://fastzjlab-imgs.alkaidos.cn/img/plain/blinkverse/data/frb/frb20151128a_3125.png,3125,FRB20151128A,Pushchino,,0.0,LPA,109.75-112.25,57354.65550926,133.2,-31.07,7.2,273.0,+4/-4,,,0.52,,,,,,,2360,,,,,,,,,,,,,,,,https://doi.org/10.1134/S1063772919110039,0
3028,,3169,FRB20180714A,Parkes,,0.0,13 beam,1182-1582,58313.42269857,14.9,8.7,22.0,1467.92,+0.3/-0.2,,,0.6,,2.9,,,,,>1.85,+0.05/-0.05,,,91,+3/-3,5,+2/-2,-25.9,+5.9/-5.9,,,0.38,+0.08/-0.6,,,https://doi.org/10.1093/mnras/stz1751,2
3156,https://fastzjlab-imgs.alkaidos.cn/img/plain/blinkverse/data/frb/frb20190206b_3407.jpg,3407,FRB20190206B,CHIME,,0.0,,400-800,58520.581685719,129.56,18.58,17.7,352.52,+0.11/-0.11,,,0.95,+0.9/-0.9,19.66,,687.6,400.2,506.4,9.6,+6.3/-6.3,,,,,,,,,,,<9,,,,https://www.chime-frb.ca/catalog,1
3030,https://fastzjlab-imgs.alkaidos.cn/img/plain/blinkverse/data/frb/frb20180915a_3193.jpg,3193,FRB20180915A,CHIME,,0.0,,400-800,58376.1274981867,48.01,10.04,16.3,371.029,+0.01/-0.01,,,2.3,+1.4/-1.4,4.92,,800.2,400.2,571.9,6.2,+3.2/-3.2,,,,,,,,,,,0.88,+0.29/-0.29,,,https://www.chime-frb.ca/catalog,1
3231,https://fastzjlab-imgs.alkaidos.cn/img/plain/blinkverse/data/frb/frb20180119a_3153.png,3153,FRB20180119A,ASKAP,,0.0,PAF,1152-1488,58137.517450782,199.5,-50.4,15.9,402.7,+0.7/-0.7,,,40.7,,2.7,+0.5/-0.5,,,,110,+3/-3,,,,,,,,,,,,,,,https://doi.org/10.1038/s41586-018-0588-y,0
2927,https://fastzjlab-imgs.alkaidos.cn/img/plain/blinkverse/data/frb/frb20190420c_3544.jpg,3544,FRB20190420C,CHIME,,0.0,,400-800,58593.444763751,59.83,42.84,13.2,629.954,+0.059/-0.059,,,0.44,+0.17/-0.17,13.76,,700,400.2,400.2,4.13,+0.96/-0.96,,,,,,,,,,,8,+1.9/-1.9,,,https://www.chime-frb.ca/catalog,1
2960,https://fastzjlab-imgs.alkaidos.cn/img/plain/blinkverse/data/frb/frb20180729b_3173.jpg,3173,FRB20180729B,CHIME,,0.0,,400-800,58328.7279372735,156.9,15.68,22.0,317.2235,+0.0045/-0.0045,,,0.92,+0.59/-0.59,1.97,,800.2,441.8,657.5,1.2,+0.74/-0.74,,,,,,,,,,,0.66,+0.18/-0.18,,,https://www.chime-frb.ca/catalog,1
2900,https://fastzjlab-imgs.alkaidos.cn/img/plain/blinkverse/data/frb/frb20140212a_3115.png,3115,FRB20140212A,Pushchino,,0.0,LPA,109.75-112.25,56700.43835648,133.1,-31.54,9.2,910.0,+4/-4,,,0.26,,,,,,,945,,,,,,,,,,,,,,,,https://doi.org/10.1134/S1063772919110039,0
3306,https://fastzjlab-imgs.alkaidos.cn/img/plain/blinkverse/data/frb/frb20190219c_3432.jpg,3432,FRB20190219C,CHIME,,0.0,,400-800,58533.8886004026,107.74,-10.91,12.4,806.688,+0.016/-0.016,,,0.4,+0.22/-0.22,4.92,,800.2,400.2,613.5,1.96,+0.86/-0.86,,,,,,,,,,,<2.6,,,,https://www.chime-frb.ca/catalog,1
3403,https://fastzjlab-imgs.alkaidos.cn/img/plain/blinkverse/data/frb/frb20190627a_3644.jpg,3644,FRB20190627A,CHIME,,0.0,,400-800,58661.115705815,309.73,63.46,14.7,404.2213,+0.0077/-0.0077,404.3,+0.1/-0.1,1.98,+0.68/-0.68,1.97,,634.6,400.2,474.6,2.62,+0.68/-0.68,,,102,+8/-8,,,-48.3,+0.6/-0.6,49.4,+0.7/-0.7,<0.8,,,,"[https://www.chime-frb.ca/catalog, https://arxiv.org/abs/2401.17378]",2
3323,https://fastzjlab-imgs.alkaidos.cn/img/plain/blinkverse/data/frb/frb20190601c_3595.jpg,3595,FRB20190601C,CHIME,,0.0,,400-800,58635.8843542617,181.35,1.35,47.9,424.0656,+0.0061/-0.0061,,,1.32,+0.7/-0.7,5.9,,595.4,423.6,502.2,5.8,+2.5/-2.5,,,,,,,,,,,0.119,+0.038/-0.038,,,https://www.chime-frb.ca/catalog,1
2862,https://fastzjlab-imgs.alkaidos.cn/img/plain/blinkverse/data/frb/frb20190323b_3489.jpg,3489,FRB20190323B,CHIME,,0.0,,400-800,58565.3629133231,122.83,39.89,76.8,789.56311,+0.00076/-0.00076,789.527,+0.007/-0.007,6.94,+0.99/-0.99,0.98,,800.2,400.2,586.4,10.6,+1.4/-1.4,,,91.1,+0.5/-0.5,,,229.46,+0.02/-0.02,229.058,+0.003/-0.003,0.134,+0.014/-0.014,,,"[https://www.chime-frb.ca/catalog, https://arxiv.org/abs/2401.17378]",2
2867,https://fastzjlab-imgs.alkaidos.cn/img/plain/blinkverse/data/frb/frb20110214a_3102.png,3102,FRB20110214A,Parkes,,0.0,13 beam,1182-1582,55606.301504468,290.73,-66.63,13.0,168.8,+0.5/-0.5,,,27.8,,1.9,+0.9/-0.9,,,,54,2003,,,,,,,,,,,,,,,https://doi.org/10.1093/mnras/sty2909,0
2977,https://fastzjlab-imgs.alkaidos.cn/img/plain/blinkverse/data/frb/frb20190129a_3389.jpg,3389,FRB20190129A,CHIME,,0.0,,400-800,58512.101129369,158.87,-32.31,18.8,484.761,+0.014/-0.014,,,0.49,+0.3/-0.3,8.85,,800.2,552.8,707.7,5,+3.1/-3.1,,,,,,,,,,,10.2,+2/-2,,,https://www.chime-frb.ca/catalog,1
2894,https://fastzjlab-imgs.alkaidos.cn/img/plain/blinkverse/data/frb/frb20190423a_3548.jpg,3548,FRB20190423A,CHIME,,0.0,,400-800,58596.2496989156,138.14,60.29,458.5,242.64562,+0.0006/-0.0006,242.6,+0.008/-0.008,10.8,+1.7/-1.7,5.9,,593,400.2,400.2,55.4,+8.8/-8.8,,,94.9,+0.2/-0.2,,,23.097,+0.006/-0.006,-22.933,+0.007/-0.007,0.5385,+0.0082/-0.0082,,,"[https://www.chime-frb.ca/catalog, https://arxiv.org/abs/2401.17378]",2
3318,https://fastzjlab-imgs.alkaidos.cn/img/plain/blinkverse/data/frb/frb20190601d_3596.jpg,3596,FRB20190601D,CHIME,,0.0,,400-800,58635.871595231,134.05,23.58,11.5,668.47,+0.1/-0.1,,,0.63,+0.36/-0.36,10.81,,800.2,400.2,400.2,5.7,+1.7/-1.7,,,,,,,,,,,<6.1,,,,https://www.chime-frb.ca/catalog,1
3349,https://fastzjlab-imgs.alkaidos.cn/img/plain/blinkverse/data/frb/frb20190617a_3624.jpg,3624,FRB20190617A,CHIME,,0.0,,400-800,58651.0920661839,124.73,33.06,156.4,195.7693,+0.0018/-0.0018,195.749,+0.006/-0.006,5.8,+2.7/-2.7,4.92,,673.2,400.2,409.9,21,+9.3/-9.3,,,86.9,+0.2/-0.2,,,-93.089,+0.007/-0.007,94.068,+0.001/-0.001,<1.5,,,,"[https://www.chime-frb.ca/catalog, https://arxiv.org/abs/2401.17378]",2
3229,https://fastzjlab-imgs.alkaidos.cn/img/plain/blinkverse/data/frb/frb20190419b_3541.jpg,3541,FRB20190419B,CHIME,,0.0,,400-800,58592.9433455687,119.64,28.6,36.2,165.0752,+0.0047/-0.0047,165.13,+0.01/-0.01,4.6,+2.2/-2.2,1.97,,728.4,400.2,487.6,7.9,+3.5/-3.5,,,23,+1/-1,,,4.1,+0.3/-0.3,-10.63,+0.08/-0.08,0.246,+0.036/-0.036,,,"[https://www.chime-frb.ca/catalog, https://arxiv.org/abs/2401.17378]",1
3246,https://fastzjlab-imgs.alkaidos.cn/img/plain/blinkverse/data/frb/frb20190112a_3359.jpg,3359,FRB20190112A,CHIME,,0.0,,400-800,58495.7370400427,90.49,35.45,66.1,425.8474,+0.0051/-0.0051,,,1.4,+0.64/-0.64,9.83,,800.2,564.6,697.7,16.2,+6.4/-6.4,,,,,,,,,,,11.01,+0.5/-0.5,,,https://www.chime-frb.ca/catalog,1
3409,https://fastzjlab-imgs.alkaidos.cn/img/plain/blinkverse/data/frb/frb20190628a_3648.jpg,3648,FRB20190628A,CHIME,,0.0,,400-800,58662.1191026698,113.85,64.94,14.4,745.843,+0.011/-0.011,745.79,+0.008/-0.008,0.81,+0.27/-0.27,0.98,,800.2,400.2,579.1,1.28,+0.32/-0.32,,,93,+6/-6,,,23.6,+0.3/-0.3,23.7,+0.3/-0.3,<0.58,,,,"[https://www.chime-frb.ca/catalog, https://arxiv.org/abs/2401.17378]",2
6595,https://fastzjlab-imgs.alkaidos.cn/img/plain/blinkverse/data/frb/frb20220330d_6867.png,6867,FRB20220330D,DSA-110,,0.0,,1280-1530,59668.26840931455,134.18,42.93,17.98,467.788,,468.1,+0.8/-0.9,,,8.388608,,,,,,,,,73.2,+17.7/-17.7,3.1,+9/-9,,,-122.2,+4.5/-4.5,,,,,"[https://doi.org/10.25800/y4t1-2771, https://doi.org/10.3847/1538-4357/ad275e]",2
3404,https://fastzjlab-imgs.alkaidos.cn/img/plain/blinkverse/data/frb/frb20190627c_3646.jpg,3646,FRB20190627C,CHIME,,0.0,,400-800,58661.307603702,102.22,30.35,57.0,968.6127,+0.0027/-0.0027,968.5,+0.01/-0.01,4,+1.5/-1.5,1.97,,800.2,400.2,400.2,11.3,+4/-4,,,93,+2/-2,,,69.09,+0.06/-0.06,68.47,+0.06/-0.06,0.164,+0.017/-0.017,,,"[https://www.chime-frb.ca/catalog, https://arxiv.org/abs/2401.17378]",2
3422,https://fastzjlab-imgs.alkaidos.cn/img/plain/blinkverse/data/frb/frb20210630a_3692.png,3692,FRB20210630A,UTMOST,,0.0,,835,59395.53346296,29.9356,23.1882,10.0,943.7,,,,,,29.7,,,,,60.14,,,,,,,,,,,,,,,,https://astronomy.swin.edu.au/research/utmost/?p=2705,0
3216,https://fastzjlab-imgs.alkaidos.cn/img/plain/blinkverse/data/frb/frb20181225b_3316.jpg,3316,FRB20181225B,CHIME,,0.0,,400-800,58477.2150558335,123.74,25.48,27.6,299.2875,+0.0049/-0.0049,,,1.9,+1/-1,2.95,,800.2,400.2,560.7,7.5,+3.8/-3.8,,,,,,,,,,,<1.4,,,,https://www.chime-frb.ca/catalog,1
3091,https://fastzjlab-imgs.alkaidos.cn/img/plain/blinkverse/data/frb/frb20181223c_3310.jpg,3310,FRB20181223C,CHIME,,0.0,,400-800,58475.580199437,207.75,79.51,28.3,112.5118,+0.0035/-0.0035,,,1.36,+0.51/-0.51,1.97,,800.2,400.2,479.2,2.84,+0.93/-0.93,,,,,,,,,,,0.107,+0.021/-0.021,,,https://www.chime-frb.ca/catalog,1
2969,https://fastzjlab-imgs.alkaidos.cn/img/plain/blinkverse/data/frb/frb20181030e_3240.jpg,3240,FRB20181030E,CHIME,,0.0,,400-800,58421.6013,220.25,33.16,37.7,159.6902,+0.0041/-0.0041,,,2,+1.5/-1.5,5.9,,564.8,400.2,470.5,6.3,+3.9/-3.9,,,,,,,,,,,0.973,+0.069/-0.069,,,https://www.chime-frb.ca/catalog,1
3282,https://fastzjlab-imgs.alkaidos.cn/img/plain/blinkverse/data/frb/frb20190404b_3515.jpg,3515,FRB20190404B,CHIME,,0.0,,400-800,58577.5222562358,64.63,34.07,175.1,489.42307,+0.00064/-0.00064,,,8.6,+1.7/-1.7,0.98,,725.3,400.2,400.2,16.3,+3.2/-3.2,,,,,,,,,,,0.1111,+0.0028/-0.0028,,,https://www.chime-frb.ca/catalog,1
2888,https://fastzjlab-imgs.alkaidos.cn/img/plain/blinkverse/data/frb/frb20190327a_3496.jpg,3496,FRB20190327A,CHIME,,0.0,,400-800,58569.6023013291,63.67,16.06,36.4,346.5748,+0.0023/-0.0023,346.579,+0.007/-0.007,2.43,+0.82/-0.82,1.97,,800.2,400.2,400.2,5.2,+1.6/-1.6,,,48,+1/-1,,,11.2,+0.1/-0.1,11.2,+0.1/-0.1,0.329,+0.032/-0.032,,,"[https://www.chime-frb.ca/catalog, https://arxiv.org/abs/2401.17378]",2
3026,,3120,FRB20150418A,Parkes,,0.0,13 beam,1182-1582,57130.186867708,232.67,-3.23,39.0,776.2,+0.5/-0.5,,,>2.4,+0.5/-0.4,0.8,+0.3/-0.3,,,,2,+1.2/-0.8,8.0E38,+10/-50,8.5,+1.5/-1.5,<4.5,,36,+52/-52,,,,,,,https://doi.org/10.1038/nature17140,0
7725,,8002,FRB20230216A,DSA-110,,0.0,,1280-1530,59991.35650471858,242.6,46.33,11.7547,828.289,,,,,,2.097152,,,,,,,,,,,,,,,,,,,,,https://doi.org/10.25800/jsm1-8876,0
2839,https://fastzjlab-imgs.alkaidos.cn/img/plain/blinkverse/data/frb/frb20180907d_3188.jpg,3188,FRB20180907D,CHIME,,0.0,,400-800,58368.2537203214,122.33,26.57,13.8,1447.098,+0.013/-0.013,,,0.89,+0.6/-0.6,5.9,,800.2,400.2,800.2,4.9,+2.3/-2.3,,,,,,,,,,,<2.7,,,,https://www.chime-frb.ca/catalog,1
3129,https://fastzjlab-imgs.alkaidos.cn/img/plain/blinkverse/data/frb/frb20190402a_3506.jpg,3506,FRB20190402A,CHIME,,0.0,,400-800,58575.298344961,148.44,67.11,11.5,1291.69,+0.082/-0.082,,,0.3,+0.17/-0.17,15.73,,657.4,400.2,453.3,1.34,+0.52/-0.52,,,,,,,,,,,<6.6,,,,https://www.chime-frb.ca/catalog,1
3301,https://fastzjlab-imgs.alkaidos.cn/img/plain/blinkverse/data/frb/frb20190125a_3382.jpg,3382,FRB20190125A,CHIME,,0.0,,400-800,58508.113920133,155.42,-26.64,12.8,564.701,+0.027/-0.027,,,0.37,+0.25/-0.25,13.76,,800.2,510.1,655.5,2.6,+1.2/-1.2,,,,,,,,,,,<4.1,,,,https://www.chime-frb.ca/catalog,1
3412,,3685,FRB20200917A,CHIME,,0.0,,400-800,59109.21082984,110.11,19.12,29.93,883.15,3.23,,,,,,,,,,,,,,,,,,,,,,,,,,https://www.wis-tns.org/object/20200917a,1
2898,,3103,FRB20110220A,Parkes,,0.0,13 beam,1182-1582,55612.075470405,50.69,-54.63,49.0,944.38,+0.05/-0.05,,,1.3,,5.6,+0.1/-0.1,1582,1182,1382,8,,,,,,,,,,,,,,,,https://doi.org/10.1126/science.1236789,1
5327,https://fastzjlab-imgs.alkaidos.cn/img/plain/blinkverse/data/frb/frb20010823a_5588.png,5588,FRB20010823A,Parkes,,0.0,13 beam,1230-1518,52144.14770023,246.2259,46.339,7.2,114.8,,,,,,6.58,,,,,,,,,,,,,,,,,,,,,https://doi.org/10.1093/mnras/stab2275,0
3313,https://fastzjlab-imgs.alkaidos.cn/img/plain/blinkverse/data/frb/frb20190502a_3564.jpg,3564,FRB20190502A,CHIME,,0.0,,400-800,58605.1827646352,145.3,52.07,75.8,625.7691,+0.0047/-0.0047,,,3.18,+0.66/-0.66,3.93,,800.2,400.2,400.2,11.5,+2.3/-2.3,,,,,,,,,,,0.995,+0.048/-0.048,,,https://www.chime-frb.ca/catalog,1
7722,https://fastzjlab-imgs.alkaidos.cn/img/plain/blinkverse/data/frb/frb20221203a_7999.png,7999,FRB20221203A,DSA-110,,0.0,,1280-1530,59916.00175089585,106.58,16.6,223.712,602.715,,,,,,0.524288,,,,,,,,,,,,,,,,,,,,,https://doi.org/10.25800/v0me-yp06,0
3136,https://fastzjlab-imgs.alkaidos.cn/img/plain/blinkverse/data/frb/frb20170707a_3139.png,3139,FRB20170707A,ASKAP,,0.0,PAF,1152-1488,57941.262631421,269.1,-50.5,9.5,235.2,+0.6/-0.6,,,14.8,,3.5,+0.5/-0.5,,,,52,+3/-3,,,,,,,,,,,,,,,https://doi.org/10.1038/s41586-018-0588-y,0
2938,https://fastzjlab-imgs.alkaidos.cn/img/plain/blinkverse/data/frb/frb20181118a_3251.jpg,3251,FRB20181118A,CHIME,,0.0,,400-800,58440.2336201206,144.0,-68.0,13.9,557.4068,+0.0083/-0.0083,,,4.3,+2.4/-2.4,3.93,,800.2,400.2,630.1,10,+5/-5,,,,,,,,,,,<1.5,,,,https://www.chime-frb.ca/catalog,1
5380,https://fastzjlab-imgs.alkaidos.cn/img/plain/blinkverse/data/frb/frb19990514b_5641.png,5641,FRB19990514B,Parkes,,0.0,13 beam,,51312.81360336,37.9275,-5.44,7.2,279.8,,,,,,8.93,,,,,,,,,,,,,,,,,,,,,https://doi.org/10.1093/mnras/stab2275,0
3421,,3684,FRB20200915A,MeerKAT,,0.0,L-band,1284,59107.105051,169.34,-47.26,31.0,740.6,,,,,,,,,,,1.2,,,,,,,,,,,,,,,,https://doi.org/10.1093/mnras/stac1450,0
3056,https://fastzjlab-imgs.alkaidos.cn/img/plain/blinkverse/data/frb/frb20170107a_3135.png,3135,FRB20170107A,ASKAP,,0.0,CRAFT,1152-1488,57760.837328006,266.05,51.42,4.0,609.5,+0.5/-0.5,,,,,2.6,,,,,58,+6/-6,,,,,,,,,,,<2,,,,https://doi.org/10.3847/2041-8213/aa71ff,0
6605,https://fastzjlab-imgs.alkaidos.cn/img/plain/blinkverse/data/frb/frb20220914a_6877.png,6877,FRB20220914A,DSA-110,,0.0,,1280-1530,59836.14596611509,104.31,26.13,17.43,630.703,,631.05,+0.02/-0.02,,,0.524288,,,,,,,,,16.3,+14/-14,11.9,+11.9/-11.9,,,,,,,,,"[https://doi.org/10.25800/5t61-7z27, https://doi.org/10.3847/1538-4357/ad275e]",2
3109,https://fastzjlab-imgs.alkaidos.cn/img/plain/blinkverse/data/frb/frb20171004a_3145.png,3145,FRB20171004A,ASKAP,,0.0,PAF,1152-1488,58030.141854747,282.2,48.9,10.9,304.0,+0.3/-0.3,,,22,,2,+0.3/-0.3,,,,44,+2/-2,,,,,,,,,,,,,,,https://doi.org/10.1038/s41586-018-0588-y,0
6578,https://fastzjlab-imgs.alkaidos.cn/img/plain/blinkverse/data/frb/frb20210408h_6850.png,6850,FRB20210408H,MeerKAT,,0.0,L-band,856-1712,59312.895193659,315.05,33.51,14.7,1195.95,+1.5/-1.5,,,>0.063,,6.4,+0.9/-0.9,,,,>0.4,,,,,,,,,,,,,,,,https://doi.org/10.1093/mnras/stad2041,0
3338,https://fastzjlab-imgs.alkaidos.cn/img/plain/blinkverse/data/frb/frb20190618a_3627.jpg,3627,FRB20190618A,CHIME,,0.0,,400-800,58652.4875756588,74.96,-17.65,52.5,228.9469,+0.0032/-0.0032,228.92,+0.006/-0.006,2.4,+1/-1,1.97,,540.4,400.2,419.3,4.3,+1.7/-1.7,,,55,+0.6/-0.6,,,-61.09,+0.05/-0.05,62.958,+0.001/-0.001,<0.58,,,,"[https://www.chime-frb.ca/catalog, https://arxiv.org/abs/2401.17378]",2
2923,https://fastzjlab-imgs.alkaidos.cn/img/plain/blinkverse/data/frb/frb20190409a_3519.jpg,3519,FRB20190409A,CHIME,,0.0,,400-800,58582.006391761,195.66,-17.27,19.7,1791.8908,+0.0053/-0.0053,,,3,+1.1/-1.1,2.95,,800.2,400.2,524.7,8.7,+2.8/-2.8,,,,,,,,,,,1.71,+0.26/-0.26,,,https://www.chime-frb.ca/catalog,1
3110,https://fastzjlab-imgs.alkaidos.cn/img/plain/blinkverse/data/frb/frb20180309a_3159.png,3159,FRB20180309A,Parkes,,0.0,13 beam,1182-1582,58186.114072391,10.9,-45.4,411.0,263.42,+0.01/-0.01,,,27.6,,0.475,,,,,>13.12,+0.26/-0.26,,,45.56,+0.06/-0.06,24.33,+0.05/-0.05,<150,,,,0.086,+0.0006/-0.0008,,,https://doi.org/10.1093/mnras/stz1751,2
7736,https://fastzjlab-imgs.alkaidos.cn/img/plain/blinkverse/data/frb/frb20240119a_8013.png,8013,FRB20240119A,DSA-110,,0.0,,1280-1530,60328.60501729543,112.37,43.24,8.90289,483.626,,,,,,2.097152,,,,,,,,,,,,,,,,,,,,,https://doi.org/10.25800/nppv-m251,0
2934,https://fastzjlab-imgs.alkaidos.cn/img/plain/blinkverse/data/frb/frb20180911a_3192.jpg,3192,FRB20180911A,CHIME,,0.0,,400-800,58372.6251813042,128.95,26.69,26.8,221.254,+0.012/-0.012,,,1.6,+1.2/-1.2,1.97,,599.9,400.2,400.2,2.6,+1.9/-1.9,,,,,,,,,,,<0.94,,,,https://www.chime-frb.ca/catalog,1
3009,https://fastzjlab-imgs.alkaidos.cn/img/plain/blinkverse/data/frb/frb20190130a_3390.jpg,3390,FRB20190130A,CHIME,,0.0,,400-800,58513.044465485,141.65,-47.84,12.6,1367.461,+0.05/-0.05,,,0.47,+0.32/-0.32,14.75,,567.2,400.2,467.7,4.4,+1.8/-1.8,,,,,,,,,,,3.2,+0.98/-0.98,,,https://www.chime-frb.ca/catalog,1
6586,,6858,FRB20211203C,ASKAP,,0.0,CRAFT,752.5-1088.5,59551.098327176,314.43,30.47,14.2,636.2,+0.4/-0.4,,,,,,,,,,28,+2/-2,,,,,,,,,,,,,,,https://www.wis-tns.org/object/20211203c,0
5344,https://fastzjlab-imgs.alkaidos.cn/img/plain/blinkverse/data/frb/frb20010703c_5605.png,5605,FRB20010703C,Parkes,,0.0,13 beam,1230-1518,52093.27332928,314.1499,15.5221,7.1,256.5,,,,,,7.53,,,,,,,,,,,,,,,,,,,,,https://doi.org/10.1093/mnras/stab2275,0
6591,https://fastzjlab-imgs.alkaidos.cn/img/plain/blinkverse/data/frb/frb20220208a_6863.png,6863,FRB20220208A,DSA-110,,0.0,,1280-1530,59618.82962506811,107.62,15.36,10.7,440.73,,437.0,+0.6/-0.6,,,4.194304,,,,,,,,,114.3,+29.1/-29.1,-11.2,+15.5/-15.5,,,-23.3,+9.7/-9.7,,,,,"[https://doi.org/10.25800/4xg5-8147, https://doi.org/10.3847/1538-4357/ad275e]",2
2848,https://fastzjlab-imgs.alkaidos.cn/img/plain/blinkverse/data/frb/frb20181230b_3329.jpg,3329,FRB20181230B,CHIME,,0.0,,400-800,58482.110444699,124.42,16.92,17.6,1137.36,+0.047/-0.047,,,0.88,+0.53/-0.53,10.81,,800.2,400.2,450.2,9.7,+4.8/-4.8,,,,,,,,,,,4.5,+1.4/-1.4,,,https://www.chime-frb.ca/catalog,1
5374,https://fastzjlab-imgs.alkaidos.cn/img/plain/blinkverse/data/frb/frb19990511a_5635.png,5635,FRB19990511A,Parkes,,0.0,13 beam,,51309.8357537,355.7999,-12.8951,7.2,169.6,,,,,,4.23,,,,,,,,,,,,,,,,,,,,,https://doi.org/10.1093/mnras/stab2275,0
2973,https://fastzjlab-imgs.alkaidos.cn/img/plain/blinkverse/data/frb/frb20181203b_3280.jpg,3280,FRB20181203B,CHIME,,0.0,,400-800,58455.2660577141,159.14,-29.0,35.4,375.3871,+0.0041/-0.0041,,,1.45,+0.59/-0.59,3.93,,800.2,550.8,693.2,4.5,+1.5/-1.5,,,,,,,,,,,2.32,+0.33/-0.33,,,https://www.chime-frb.ca/catalog,1
3070,https://fastzjlab-imgs.alkaidos.cn/img/plain/blinkverse/data/frb/frb20190304b_3463.jpg,3463,FRB20190304B,CHIME,,0.0,,400-800,58546.4533443794,20.4,78.8,28.8,470.0053,+0.0057/-0.0057,469.9,+0.02/-0.02,0.67,+0.26/-0.26,2.95,,646.5,400.2,400.2,2.22,+0.59/-0.59,,,103,+5/-5,,,39.5,+0.2/-0.2,-39.0,+0.1/-0.1,0.622,+0.058/-0.058,,,"[https://www.chime-frb.ca/catalog, https://arxiv.org/abs/2401.17378]",2
2883,https://fastzjlab-imgs.alkaidos.cn/img/plain/blinkverse/data/frb/frb20190221c_3436.jpg,3436,FRB20190221C,CHIME,,0.0,,400-800,58535.7915530298,93.9,5.14,26.4,2042.3,+0.012/-0.012,,,0.59,+0.22/-0.22,14.75,,800.2,454.9,664.9,7.1,+1.6/-1.6,,,,,,,,,,,13.1,+2.3/-2.3,,,https://www.chime-frb.ca/catalog,1
5351,https://fastzjlab-imgs.alkaidos.cn/img/plain/blinkverse/data/frb/frb20000521a_5612.png,5612,FRB20000521A,Parkes,,0.0,13 beam,1230-1518,51685.37513275,316.3317,-4.0225,7.9,473.3,,,,,,11.09,,,,,,,,,,,,,,,,,,,,,https://doi.org/10.1093/mnras/stab2275,0
3222,https://fastzjlab-imgs.alkaidos.cn/img/plain/blinkverse/data/frb/frb20190131c_3393.jpg,3393,FRB20190131C,CHIME,,0.0,,400-800,58514.4320548204,241.74,60.05,21.7,507.7618,+0.0027/-0.0027,,,0.84,+0.66/-0.66,0.98,,800.2,400.2,501.4,2.1,+1.6/-1.6,,,,,,,,,,,<0.5,,,,https://www.chime-frb.ca/catalog,1
2995,https://fastzjlab-imgs.alkaidos.cn/img/plain/blinkverse/data/frb/frb20181123a_3259.jpg,3259,FRB20181123A,CHIME,,0.0,,400-800,58445.9940573556,89.71,12.94,19.7,798.718,+0.018/-0.018,,,0.99,+0.49/-0.49,1.97,,590.2,404.2,488.5,2.5,+1.1/-1.1,,,,,,,,,,,1.92,+0.54/-0.54,,,https://www.chime-frb.ca/catalog,1
3046,https://fastzjlab-imgs.alkaidos.cn/img/plain/blinkverse/data/frb/frb20190320c_3481.jpg,3481,FRB20190320C,CHIME,,0.0,,400-800,58562.5477839472,42.68,34.17,12.9,368.7898,+0.0094/-0.0094,,,1.24,+0.3/-0.3,3.93,,800.2,400.2,442,3.14,+0.65/-0.65,,,,,,,,,,,<1.3,,,,https://www.chime-frb.ca/catalog,1
5325,https://fastzjlab-imgs.alkaidos.cn/img/plain/blinkverse/data/frb/frb20010621b_5586.png,5586,FRB20010621B,Parkes,,0.0,13 beam,1230-1518,52081.33669016,252.4855,31.8966,7.5,163.5,,,,,,5.54,,,,,,,,,,,,,,,,,,,,,https://doi.org/10.1093/mnras/stab2275,0
2999,https://fastzjlab-imgs.alkaidos.cn/img/plain/blinkverse/data/frb/frb20181203c_3281.jpg,3281,FRB20181203C,CHIME,,0.0,,400-800,58455.67762746,120.64,44.09,22.5,2444.57,+0.024/-0.024,,,1.05,+0.63/-0.63,11.8,,800.2,400.2,400.2,4.8,+2.8/-2.8,,,,,,,,,,,0.97,+0.22/-0.22,,,https://www.chime-frb.ca/catalog,1
3092,https://fastzjlab-imgs.alkaidos.cn/img/plain/blinkverse/data/frb/frb20181226e_3320.jpg,3320,FRB20181226E,CHIME,,0.0,,400-800,58478.9101627482,106.6,20.42,20.9,308.762,+0.015/-0.015,308.78,+0.01/-0.01,0.48,+0.42/-0.42,2.95,,558.3,400.2,400.2,1.35,+0.77/-0.77,,,57,+2/-2,,,-1,+0.2/-0.2,-0.2,+0.2/-0.2,<1.3,,,,"[https://www.chime-frb.ca/catalog, https://arxiv.org/abs/2401.17378]",2
6604,https://fastzjlab-imgs.alkaidos.cn/img/plain/blinkverse/data/frb/frb20220831a_6876.png,6876,FRB20220831A,DSA-110,,0.0,,1280-1530,59822.31071818924,110.96,12.47,21.28,1146.14,,1146.25,+0.2/-0.2,,,2.097152,,,,,,,,,84.6,+12.8/-12.8,1.7,+5.3/-5.3,,,772.1,+7.2/-7.2,,,,,"[https://doi.org/10.25800/cnw8-4n46, https://doi.org/10.3847/1538-4357/ad275e]",2
3411,https://fastzjlab-imgs.alkaidos.cn/img/plain/blinkverse/data/frb/frb20191223b_3672.png,3672,FRB20191223B,UTMOST,,0.0,,835,58840.20522222,318.854,-32.661,29.4,665.0,,,,,,,,,,,108.1,,,,,,,,,,,,,,,,https://astronomy.swin.edu.au/research/utmost/?p=1847,0
2907,https://fastzjlab-imgs.alkaidos.cn/img/plain/blinkverse/data/frb/frb20181118b_3252.jpg,3252,FRB20181118B,CHIME,,0.0,,400-800,58440.3356682603,178.42,-31.89,19.5,422.2771,+0.0089/-0.0089,,,0.78,+0.53/-0.53,3.93,,800.2,400.2,534.8,3.2,+1.9/-1.9,,,,,,,,,,,<1.8,,,,https://www.chime-frb.ca/catalog,1
3322,,3664,FRB20191001A,ASKAP,,0.0,,,58757.70527743,341.3,-44.8,62.0,506.92,0.04,,,,,,,,,,143,15,,,,,,,,,,,,,,,https://ui.adsabs.harvard.edu/abs/2019ATel13166....1S/abstract,0
2856,https://fastzjlab-imgs.alkaidos.cn/img/plain/blinkverse/data/frb/frb20190224d_3446.jpg,3446,FRB20190224D,CHIME,,0.0,,400-800,58538.3237324097,122.24,26.41,41.9,752.9522,+0.0019/-0.0019,752.892,+0.006/-0.006,2.75,+0.95/-0.95,1.97,,800.2,400.2,531.6,6.1,+2/-2,,,81,+2/-2,,,-42.49,+0.09/-0.09,-41.86,+0.09/-0.09,<0.72,,,,"[https://www.chime-frb.ca/catalog, https://arxiv.org/abs/2401.17378]",2
3410,https://fastzjlab-imgs.alkaidos.cn/img/plain/blinkverse/data/frb/frb20190806b_3662.png,3662,FRB20190806B,UTMOST,,0.0,,,58701.71386574,89.92,-67.25,14.4,388.5,,,,,,11.96,,,,,46.8,,,,,,,,,,,,,,,,https://astronomy.swin.edu.au/research/utmost/?p=1664,0
3357,https://fastzjlab-imgs.alkaidos.cn/img/plain/blinkverse/data/frb/frb20190619a_3628.jpg,3628,FRB20190619A,CHIME,,0.0,,400-800,58653.052930891,137.1,45.59,15.9,899.9116,+0.0063/-0.0063,,,1.57,+0.56/-0.56,1.97,,800.2,400.2,552.9,3.33,+0.89/-0.89,,,,,,,,,,,<1.1,,,,https://www.chime-frb.ca/catalog,1
3235,https://fastzjlab-imgs.alkaidos.cn/img/plain/blinkverse/data/frb/frb20180907c_3187.jpg,3187,FRB20180907C,CHIME,,0.0,,400-800,58368.4915898619,129.37,15.66,17.1,638.1999,+0.003/-0.003,,,1.11,+0.47/-0.47,1.97,,800.2,400.2,670,1.48,+0.69/-0.69,,,,,,,,,,,0.8,+0.15/-0.15,,,https://www.chime-frb.ca/catalog,1
2998,https://fastzjlab-imgs.alkaidos.cn/img/plain/blinkverse/data/frb/frb20181203a_3279.jpg,3279,FRB20181203A,CHIME,,0.0,,400-800,58455.225677518,146.43,-35.49,29.4,635.9255,+0.0023/-0.0023,,,1.74,+0.74/-0.74,2.95,,800.2,515.2,800.2,3.6,+1.2/-1.2,,,,,,,,,,,1.44,+0.2/-0.2,,,https://www.chime-frb.ca/catalog,1
3081,https://fastzjlab-imgs.alkaidos.cn/img/plain/blinkverse/data/frb/frb20180917b_3197.jpg,3197,FRB20180917B,CHIME,,0.0,,400-800,58378.005943092,111.96,35.37,24.3,857.038,+0.027/-0.027,,,1.03,+0.52/-0.52,19.66,,765,400.2,456.2,8.3,+3.2/-3.2,,,,,,,,,,,6.6,+1.1/-1.1,,,https://www.chime-frb.ca/catalog,1
2941,https://fastzjlab-imgs.alkaidos.cn/img/plain/blinkverse/data/frb/frb20181220b_3302.jpg,3302,FRB20181220B,CHIME,,0.0,,400-800,58472.354698705,117.17,27.5,24.7,257.7994,+0.0033/-0.0033,,,2.9,+1.8/-1.8,1.97,,800.2,400.2,419.5,3.8,+2.6/-2.6,,,,,,,,,,,<0.62,,,,https://www.chime-frb.ca/catalog,1
5353,https://fastzjlab-imgs.alkaidos.cn/img/plain/blinkverse/data/frb/frb20010128a_5614.png,5614,FRB20010128A,Parkes,,0.0,13 beam,1230-1518,51937.76621169,340.2388,18.5704,7.2,141.8,,,,,,9.23,,,,,,,,,,,,,,,,,,,,,https://doi.org/10.1093/mnras/stab2275,0
2921,https://fastzjlab-imgs.alkaidos.cn/img/plain/blinkverse/data/frb/frb20190323d_3491.jpg,3491,FRB20190323D,CHIME,,0.0,,400-800,58565.991067906,151.43,-5.97,12.2,763.65,+0.18/-0.18,,,0.37,+0.18/-0.18,12.78,,528.8,400.2,400.2,2.49,+0.87/-0.87,,,,,,,,,,,<7,,,,https://www.chime-frb.ca/catalog,1
3045,https://fastzjlab-imgs.alkaidos.cn/img/plain/blinkverse/data/frb/frb20190211b_3416.jpg,3416,FRB20190211B,CHIME,,0.0,,400-800,58525.776149089,94.41,16.1,18.4,260.7,+0.00068/-0.00068,,,0.3,+0.14/-0.14,0.98,,764.9,400.2,440.1,1.35,+0.38/-0.38,,,,,,,,,,,0.152,+0.022/-0.022,,,https://www.chime-frb.ca/catalog,1
2916,https://fastzjlab-imgs.alkaidos.cn/img/plain/blinkverse/data/frb/frb20190128d_3388.jpg,3388,FRB20190128D,CHIME,,0.0,,400-800,58511.7669264038,48.75,7.46,15.5,430.231,+0.015/-0.015,,,1.2,+1/-1,4.92,,705.4,400.2,419.5,3.6,+2.8/-2.8,,,,,,,,,,,<1.5,,,,https://www.chime-frb.ca/catalog,1
3351,https://fastzjlab-imgs.alkaidos.cn/img/plain/blinkverse/data/frb/frb20190627b_3645.jpg,3645,FRB20190627B,CHIME,,0.0,,400-800,58661.2821099812,65.18,36.74,68.4,430.3224,+0.0016/-0.0016,,,4.06,+0.61/-0.61,2.95,,800.2,400.2,501.6,10.2,+1.4/-1.4,,,,,,,,,,,0.62,+0.039/-0.039,,,https://www.chime-frb.ca/catalog,1
5369,https://fastzjlab-imgs.alkaidos.cn/img/plain/blinkverse/data/frb/frb19990513b_5630.png,5630,FRB19990513B,Parkes,,0.0,13 beam,,51311.69787002,28.5961,9.9168,8.2,147.7,,,,,,7.43,,,,,,,,,,,,,,,,,,,,,https://doi.org/10.1093/mnras/stab2275,1
2935,https://fastzjlab-imgs.alkaidos.cn/img/plain/blinkverse/data/frb/frb20180924b_3209.png,3209,FRB20180924B,ASKAP,,0.0,PAF,1152-1488,58385.270454485,0.742467,-49.414787,21.0,361.42,+0.06/-0.06,,,12.3,,1.3,+0.09/-0.09,,,,16,+1/-1,,,80,+10/-10,,,14,+1/-1,,,,,,,https://doi.org/10.1126/science.aaw5903,0
3302,https://fastzjlab-imgs.alkaidos.cn/img/plain/blinkverse/data/frb/frb20190128b_3386.jpg,3386,FRB20190128B,CHIME,,0.0,,400-800,58511.3346706778,200.92,31.35,21.4,248.2302,+0.0059/-0.0059,,,0.81,+0.29/-0.29,1.97,,800.2,400.2,515.9,1.64,+0.47/-0.47,,,,,,,,,,,0.208,+0.055/-0.055,,,https://www.chime-frb.ca/catalog,1
6607,https://fastzjlab-imgs.alkaidos.cn/img/plain/blinkverse/data/frb/frb20220926a_6879.png,6879,FRB20220926A,DSA-110,,0.0,,1280-1530,59848.23593587645,110.6,12.72,18.16,441.98,,441.53,+0.03/-0.03,,,0.524288,,,,,,,,,17.5,+21/-21,2,+14.2/-14.2,,,,,,,,,"[https://doi.org/10.25800/e2xb-fv58, https://doi.org/10.3847/1538-4357/ad275e]",2
3371,https://fastzjlab-imgs.alkaidos.cn/img/plain/blinkverse/data/frb/frb20190609b_3610.jpg,3610,FRB20190609B,CHIME,,0.0,,400-800,58643.6996940258,122.36,28.7,76.5,292.1875,+0.001/-0.001,292.174,+0.007/-0.007,11.5,+4.9/-4.9,0.98,,778.7,400.2,487.1,22.2,+8.4/-8.4,,,30,+0.8/-0.8,,,28.1,+0.1/-0.1,29.7,+0.1/-0.1,<0.57,,,,"[https://www.chime-frb.ca/catalog, https://arxiv.org/abs/2401.17378]",2
3394,https://fastzjlab-imgs.alkaidos.cn/img/plain/blinkverse/data/frb/frb20190624b_3640.jpg,3640,FRB20190624B,CHIME,,0.0,,400-800,58658.9243159607,106.73,20.13,80.4,213.9222,+0.002/-0.002,213.947,+0.008/-0.008,16.5,+4.4/-4.4,0.98,,754.3,475.4,598.8,20,+5.2/-5.2,,,80.2,+0.1/-0.1,,,-16.527,+0.002/-0.002,4.00503,+0.006/-0.006,<0.4,,,,"[https://www.chime-frb.ca/catalog, https://arxiv.org/abs/2401.17378]",2
2855,https://fastzjlab-imgs.alkaidos.cn/img/plain/blinkverse/data/frb/frb20190212c_3418.jpg,3418,FRB20190212C,CHIME,,0.0,,400-800,58526.419726214,205.0,72.02,33.2,1016.45,+0.033/-0.033,,,0.7,+0.29/-0.29,20.64,,800.2,400.2,498.1,12.2,+3.5/-3.5,,,,,,,,,,,10.1,+1.3/-1.3,,,https://www.chime-frb.ca/catalog,1
3414,,3674,FRB20200125A,GBT,,0.0,,350,58873.51064352,359.83,58.43,8.1,179.47,0.05,,,,,,,,,,,,,,,,,,,,,,,,,,https://www.wis-tns.org/object/20200125a,0
3331,https://fastzjlab-imgs.alkaidos.cn/img/plain/blinkverse/data/frb/frb20190624a_3639.jpg,3639,FRB20190624A,CHIME,,0.0,,400-800,58658.048081595,134.65,45.05,19.2,973.847,+0.033/-0.033,,,0.58,+0.26/-0.26,5.9,,704,400.2,400.2,3.01,+0.98/-0.98,,,,,,,,,,,0.95,+0.22/-0.22,,,https://www.chime-frb.ca/catalog,1
3242,https://fastzjlab-imgs.alkaidos.cn/img/plain/blinkverse/data/frb/frb20181230a_3328.jpg,3328,FRB20181230A,CHIME,,0.0,,400-800,58482.020793458,119.8,21.14,29.7,769.611,+0.015/-0.015,,,0.94,+0.54/-0.54,34.41,,800.2,543.5,724.8,18,+10/-10,,,,,,,,,,,41,+5.1/-5.1,,,https://www.chime-frb.ca/catalog,1
2849,https://fastzjlab-imgs.alkaidos.cn/img/plain/blinkverse/data/frb/frb20181231b_3334.jpg,3334,FRB20181231B,CHIME,,0.0,,400-800,58483.413824874,161.71,36.55,55.1,197.1697,+0.0017/-0.0017,197.366,+0.009/-0.009,0.89,+0.3/-0.3,2.95,,800,540.6,657.7,2.34,+0.73/-0.73,,,78,+1/-1,,,-9.66,+0.05/-0.05,10.51,+0.01/-0.01,1.75,+0.11/-0.11,,,"[https://www.chime-frb.ca/catalog, https://arxiv.org/abs/2401.17378]",2
5345,https://fastzjlab-imgs.alkaidos.cn/img/plain/blinkverse/data/frb/frb20010116a_5606.png,5606,FRB20010116A,Parkes,,0.0,13 beam,1230-1518,51925.8350412,317.2193,20.2243,7.3,131.7,,,,,,4.89,,,,,,,,,,,,,,,,,,,,,https://doi.org/10.1093/mnras/stab2275,0
3186,https://fastzjlab-imgs.alkaidos.cn/img/plain/blinkverse/data/frb/frb20181213b_3285.jpg,3285,FRB20181213B,CHIME,,0.0,,400-800,58465.6159448817,134.96,62.55,16.3,626.593,+0.015/-0.015,,,0.75,+0.47/-0.47,4.92,,800.2,529.6,664,1.7,+1/-1,,,,,,,,,,,<1.2,,,,https://www.chime-frb.ca/catalog,1
3273,https://fastzjlab-imgs.alkaidos.cn/img/plain/blinkverse/data/frb/frb20190131b_3392.jpg,3392,FRB20190131B,CHIME,,0.0,,400-800,58514.95674655,96.19,-47.36,17.1,1805.729,+0.0043/-0.0043,,,0.99,+0.51/-0.51,1.97,,800.2,514.4,798.1,3.3,+1.3/-1.3,,,,,,,,,,,<1.1,,,,https://www.chime-frb.ca/catalog,1
2836,,3149,FRB20171209A,Parkes,,0.0,13 beam,1182-1582,58096.852923516,332.3,6.2,40.0,1457.4,+0.03/-0.03,,,1.48,,2.5,,,,,>3.7,+0.1/-0.1,,,100,+1/-1,0,+1/-1,121.6,4.+2/-4.2,,,0.138,+0.015/-0.013,,,https://doi.org/10.1093/mnras/stz1751,2
2942,https://fastzjlab-imgs.alkaidos.cn/img/plain/blinkverse/data/frb/frb20181224a_3311.jpg,3311,FRB20181224A,CHIME,,0.0,,400-800,58476.061639597,109.84,-16.5,104.1,310.20644,+0.0004/-0.0004,,,4.3,+2.3/-2.3,1.97,,800.2,400.2,549.5,3.3,+1.8/-1.8,,,,,,,,,,,<0.4,,,,https://www.chime-frb.ca/catalog,1
7740,,8017,FRB20221116A,DSA-110,,0.0,,1280-1530,59899.22477867964,124.47,8.71,18.5852,643.448,,,,,,4.194304,,,,,,,,,,,,,,,,,,,,,https://doi.org/10.25800/t9jd-fh86,0
3308,https://fastzjlab-imgs.alkaidos.cn/img/plain/blinkverse/data/frb/frb20190221d_3437.jpg,3437,FRB20190221D,CHIME,,0.0,,400-800,58535.9784260939,128.71,-1.4,13.0,473.7873,+0.0077/-0.0077,,,0.65,+0.2/-0.2,1.97,,800.2,400.2,427.2,1.13,+0.2/-0.2,,,,,,,,,,,<0.95,,,,https://www.chime-frb.ca/catalog,1
3259,https://fastzjlab-imgs.alkaidos.cn/img/plain/blinkverse/data/frb/frb20121029a_3109.png,3109,FRB20121029A,Pushchino,,0.0,LPA,109.75-112.25,56229.67113426,115.32,-20.24,7.3,732.0,+5/-5,,,0.34,,,,,,,1380,,,,,,,,,,,,,,,,https://doi.org/10.1134/S1063772919110039,0
3321,https://fastzjlab-imgs.alkaidos.cn/img/plain/blinkverse/data/frb/frb20190630d_3654.jpg,3654,FRB20190630D,CHIME,,0.0,,400-800,58664.9581667379,224.58,39.91,19.7,323.5174,+0.0041/-0.0041,323.54,+0.003/-0.003,1.73,+0.51/-0.51,1.97,,780.6,400.2,400.2,2.6,+0.75/-0.75,,,59,+3/-3,,,5.1,+0.2/-0.2,4.8,+0.2/-0.2,<0.63,,,,"[https://www.chime-frb.ca/catalog, https://arxiv.org/abs/2401.17378]",2
3305,https://fastzjlab-imgs.alkaidos.cn/img/plain/blinkverse/data/frb/frb20190217b_3426.jpg,3426,FRB20190217B,CHIME,,0.0,,400-800,58531.9854290578,133.54,-35.12,16.7,846.212,+0.015/-0.015,,,0.54,+0.34/-0.34,26.54,,800.2,400.2,400.2,6,+2.2/-2.2,,,,,,,,,,,7.9,+1.4/-1.4,,,https://www.chime-frb.ca/catalog,1
2869,https://fastzjlab-imgs.alkaidos.cn/img/plain/blinkverse/data/frb/frb20171003a_3144.png,3144,FRB20171003A,ASKAP,,0.0,PAF,1152-1488,58029.172231264,283.4,46.3,13.8,463.2,+1.2/-1.2,,,40.5,,2,+0.2/-0.2,,,,81,+5/-5,,,,,,,,,,,,,,,https://doi.org/10.1038/s41586-018-0588-y,0
3233,https://fastzjlab-imgs.alkaidos.cn/img/plain/blinkverse/data/frb/frb20180321a_3162.png,3162,FRB20180321A,Pushchino,,0.0,LPA,109.75-112.25,58198.29576389,119.46,-20.72,8.2,596.0,+5/-5,,,0.54,,,,,,,2310,,,,,,,,,,,,,,,,https://doi.org/10.1134/S1063772919110039,0
3307,https://fastzjlab-imgs.alkaidos.cn/img/plain/blinkverse/data/frb/frb20190221a_3434.jpg,3434,FRB20190221A,CHIME,,0.0,,400-800,58535.2829221825,217.6,30.89,22.1,223.806,+0.017/-0.017,,,1.23,+0.36/-0.36,2.95,,606.5,400.2,444.8,2.33,+0.3/-0.3,,,,,,,,,,,0.408,+0.076/-0.076,,,https://www.chime-frb.ca/catalog,1
3188,https://fastzjlab-imgs.alkaidos.cn/img/plain/blinkverse/data/frb/frb20181214c_3289.jpg,3289,FRB20181214C,CHIME,,0.0,,400-800,58466.59463462,137.68,55.13,39.9,632.7849,+0.0039/-0.0039,632.832,+0.003/-0.003,1.2,+0.42/-0.42,5.9,,800.2,400.2,400.2,5,+1.6/-1.6,,,60,+3/-3,,,23.6,+0.2/-0.2,23.8,+0.2/-0.2,1.63,+0.16/-0.16,,,"[https://www.chime-frb.ca/catalog, https://arxiv.org/abs/2401.17378]",2
3082,https://fastzjlab-imgs.alkaidos.cn/img/plain/blinkverse/data/frb/frb20180920b_3201.jpg,3201,FRB20180920B,CHIME,,0.0,,400-800,58381.861936688,124.26,53.59,15.8,463.4,+0.26/-0.26,,,0.35,+0.2/-0.2,10.81,,483.4,400.2,421.1,1.7,+0.53/-0.53,,,,,,,,,,,1.73,+0.36/-0.36,,,https://www.chime-frb.ca/catalog,1
6602,https://fastzjlab-imgs.alkaidos.cn/img/plain/blinkverse/data/frb/frb20220801a_6874.png,6874,FRB20220801A,DSA-110,,0.0,,1280-1530,59792.61776365554,135.2,12.71,11.77,413.416,,412.6,+0.04/-0.04,,,1.048576,,,,,,,,,30.1,+18/-18,-1.3,+13.7/-13.7,,,,,,,,,"[https://doi.org/10.25800/9bc8-gb65, https://doi.org/10.3847/1538-4357/ad275e]",2
3355,https://fastzjlab-imgs.alkaidos.cn/img/plain/blinkverse/data/frb/frb20190531c_3591.jpg,3591,FRB20190531C,CHIME,,0.0,,400-800,58634.56464487,93.31,-10.07,12.2,478.202,+0.034/-0.034,,,0.37,+0.31/-0.31,2.95,,540.6,400.2,453,1.2,+1/-1,,,,,,,,,,,<1.9,,,,https://www.chime-frb.ca/catalog,1
3413,https://fastzjlab-imgs.alkaidos.cn/img/plain/blinkverse/data/frb/frb20200508a_3678.png,3678,FRB20200508A,UTMOST,,0.0,,835,58977.32094329,282.02,-12.56,14.33,629.0,,,,,,,,,,,29.7,,,,,,,,,,,,,,,,https://astronomy.swin.edu.au/research/utmost/?p=2362,0
3339,https://fastzjlab-imgs.alkaidos.cn/img/plain/blinkverse/data/frb/frb20190628b_3649.jpg,3649,FRB20190628B,CHIME,,0.0,,400-800,58662.24768585,113.3,32.36,16.3,408.009,+0.016/-0.016,407.99,+0.02/-0.02,0.75,+0.26/-0.26,2.95,,583.5,400.2,400.2,1.39,+0.34/-0.34,,,80,+5/-5,,,19.2,+0.3/-0.3,19.7,+0.3/-0.3,0.471,+0.092/-0.092,,,"[https://www.chime-frb.ca/catalog, https://arxiv.org/abs/2401.17378]",2
3054,https://fastzjlab-imgs.alkaidos.cn/img/plain/blinkverse/data/frb/frb20151206a_3126.png,3126,FRB20151206A,Parkes,,0.0,13 beam,1183-1521,57362.258878123,32.65,-8.55,10.0,1909.8,+0.6/-0.6,,,0.3,+0.04/-0.04,3,+0.6/-0.6,,,,>0.9,+0.2/-0.2,,,,,,,,,,,11,+2/-2,,,https://doi.org/10.1093/mnras/stx3074,1
3264,https://fastzjlab-imgs.alkaidos.cn/img/plain/blinkverse/data/frb/frb20181022e_3235.jpg,3235,FRB20181022E,CHIME,,0.0,,400-800,58413.859262135,39.5,64.85,18.8,285.986,+0.014/-0.014,,,0.69,+0.35/-0.35,2.95,,560.3,400.2,443.7,2.08,+0.84/-0.84,,,,,,,,,,,0.632,+0.092/-0.092,,,https://www.chime-frb.ca/catalog,1
2967,https://fastzjlab-imgs.alkaidos.cn/img/plain/blinkverse/data/frb/frb20181017b_3224.jpg,3224,FRB20181017B,CHIME,,0.0,,400-800,58408.92970316,113.05,34.93,18.6,307.369,+0.034/-0.034,,,1.06,+0.73/-0.73,12.78,,704.8,499.3,593.2,6.5,+3.6/-3.6,,,,,,,,,,,4.3,+1.3/-1.3,,,https://www.chime-frb.ca/catalog,1
3367,https://fastzjlab-imgs.alkaidos.cn/img/plain/blinkverse/data/frb/frb20190530a_3588.jpg,3588,FRB20190530A,CHIME,,0.0,,400-800,58633.8385746666,147.22,8.75,14.9,555.445,+0.024/-0.024,,,0.58,+0.41/-0.41,1.97,,517.3,400.2,441.1,1.69,+0.9/-0.9,,,,,,,,,,,<1.3,,,,https://www.chime-frb.ca/catalog,1
3040,https://fastzjlab-imgs.alkaidos.cn/img/plain/blinkverse/data/frb/frb20190124d_3379.jpg,3379,FRB20190124D,CHIME,,0.0,,400-800,58507.6460823346,115.61,33.2,13.4,340.12,+0.017/-0.017,,,0.5,+0.33/-0.33,4.92,,651,400.2,402.1,1.9,+1.1/-1.1,,,,,,,,,,,0.97,+0.24/-0.24,,,https://www.chime-frb.ca/catalog,1
2931,https://fastzjlab-imgs.alkaidos.cn/img/plain/blinkverse/data/frb/frb20171116a_3148.png,3148,FRB20171116A,ASKAP,,0.0,PAF,1152-1488,58073.625119273,205.0,-49.8,11.8,618.5,+0.5/-0.5,,,19.6,,3.2,+0.5/-0.5,,,,63,+2/-2,,,,,,,,,,,,,,,https://doi.org/10.1038/s41586-018-0588-y,0
5305,https://fastzjlab-imgs.alkaidos.cn/img/plain/blinkverse/data/frb/frb20000622c_5566.png,5566,FRB20000622C,Parkes,,0.0,13 beam,1230-1518,51717.86580694,302.7763,-43.1297,7.4,382.5,,,,,,11.19,,,,,,,,,,,,,,,,,,,,,https://doi.org/10.1093/mnras/stab2275,0
3336,,3663,FRB20190926B,WSRT,,0.0,PAFs,1350,58752.03093855,135.48,-30.65,15.0,957.3,+0.5/-0.5,,,,,2.2,+0.2/-0.2,,,,7.6,+1.5/-1.5,,,,,,,,,,,,,,,https://doi.org/10.1051/0004-6361/202244107,0
3113,https://fastzjlab-imgs.alkaidos.cn/img/plain/blinkverse/data/frb/frb20180817a_3181.jpg,3181,FRB20180817A,CHIME,,0.0,,400-800,58347.0757860647,68.3,53.98,65.1,1006.7714,+0.0085/-0.0085,,,2.4,+1.5/-1.5,17.69,,800.2,400.2,501.1,29,+16/-16,,,,,,,,,,,11.03,+0.58/-0.58,,,https://www.chime-frb.ca/catalog,1
3080,https://fastzjlab-imgs.alkaidos.cn/img/plain/blinkverse/data/frb/frb20180907a_3185.jpg,3185,FRB20180907A,CHIME,,0.0,,400-800,58368.260740451,77.77,-14.65,25.4,877.24,+0.011/-0.011,,,0.87,+0.56/-0.56,5.9,,648.6,400.2,400.2,2.8,+1.4/-1.4,,,,,,,,,,,0.264,+0.043/-0.043,,,https://www.chime-frb.ca/catalog,1
3388,https://fastzjlab-imgs.alkaidos.cn/img/plain/blinkverse/data/frb/frb20190613b_3618.jpg,3618,FRB20190613B,CHIME,,0.0,,400-800,58647.7890731372,158.98,-4.92,44.5,285.1379,+0.0014/-0.0014,285.088,+0.005/-0.005,1.08,+0.21/-0.21,0.98,,792.2,400.2,466.6,1.26,+0.27/-0.27,,,91,+0.9/-0.9,,,-22.18,+0.03/-0.03,-22.36,+0.03/-0.03,<0.45,,,,"[https://www.chime-frb.ca/catalog, https://arxiv.org/abs/2401.17378]",2
3158,https://fastzjlab-imgs.alkaidos.cn/img/plain/blinkverse/data/frb/frb20190213d_3421.jpg,3421,FRB20190213D,CHIME,,0.0,,400-800,58527.870624566,101.8,-4.08,25.0,1346.8476,+0.0022/-0.0022,1346.7,+0.4/-0.4,1,+0.55/-0.55,1.97,,800.2,496.6,671.4,2.2,+1.2/-1.2,,,89,+4/-4,,,-319.4,+0.4/-0.4,318.3,+0.5/-0.5,<0.7,,,,"[https://www.chime-frb.ca/catalog, https://arxiv.org/abs/2401.17378]",2
3005,https://fastzjlab-imgs.alkaidos.cn/img/plain/blinkverse/data/frb/frb20190115a_3362.jpg,3362,FRB20190115A,CHIME,,0.0,,400-800,58498.1440183232,141.39,-3.83,12.9,1021.684,+0.015/-0.015,,,0.46,+0.35/-0.35,2.95,,800.2,400.2,457.2,0.95,+0.56/-0.56,,,,,,,,,,,<1.2,,,,https://www.chime-frb.ca/catalog,1
3083,https://fastzjlab-imgs.alkaidos.cn/img/plain/blinkverse/data/frb/frb20181013a_3214.jpg,3214,FRB20181013A,CHIME,,0.0,,400-800,58404.0030332473,63.25,31.48,31.4,309.3055,+0.0022/-0.0022,,,2.81,+0.94/-0.94,0.98,,800.2,400.2,443.7,3.5,+1.2/-1.2,,,,,,,,,,,<0.56,,,,https://www.chime-frb.ca/catalog,1
3150,https://fastzjlab-imgs.alkaidos.cn/img/plain/blinkverse/data/frb/frb20181224e_3315.jpg,3315,FRB20181224E,CHIME,,0.0,,400-800,58476.7394706235,17.52,41.77,42.1,581.8537,+0.0041/-0.0041,581.84,+0.01/-0.01,3.6,+2/-2,1.97,,800.2,400.2,400.2,10.3,+4.9/-4.9,,,62,+2/-2,,,1.65,+0.08/-0.08,0.67,+0.09/-0.09,<1.1,,,,"[https://www.chime-frb.ca/catalog, https://arxiv.org/abs/2401.17378]",2
3251,https://fastzjlab-imgs.alkaidos.cn/img/plain/blinkverse/data/frb/frb20190213c_3420.jpg,3420,FRB20190213C,CHIME,,0.0,,400-800,58527.11640311,156.57,-4.02,11.5,357.0634,+0.0056/-0.0056,,,0.62,+0.36/-0.36,1.97,,800.2,400.2,800.2,1.09,+0.59/-0.59,,,,,,,,,,,<0.81,,,,https://www.chime-frb.ca/catalog,1
3039,https://fastzjlab-imgs.alkaidos.cn/img/plain/blinkverse/data/frb/frb20190117d_3369.jpg,3369,FRB20190117D,CHIME,,0.0,,400-800,58500.5871702722,54.84,75.35,20.1,1178.063,+0.011/-0.011,,,0.78,+0.4/-0.4,2.95,,800.2,400.2,419.2,3.5,+1.5/-1.5,,,,,,,,,,,0.405,+0.099/-0.099,,,https://www.chime-frb.ca/catalog,1
3237,https://fastzjlab-imgs.alkaidos.cn/img/plain/blinkverse/data/frb/frb20180919b_3199.jpg,3199,FRB20180919B,CHIME,,0.0,,400-800,58380.353588037,109.42,-56.14,18.8,560.2214,+0.0073/-0.0073,,,2.56,+0.87/-0.87,0.98,,768.9,400.2,487.6,3,+1.2/-1.2,,,,,,,,,,,<0.5,,,,https://www.chime-frb.ca/catalog,1
5371,https://fastzjlab-imgs.alkaidos.cn/img/plain/blinkverse/data/frb/frb20010630c_5632.png,5632,FRB20010630C,Parkes,,0.0,13 beam,,52090.55943229,48.8172,17.1936,7.5,187.1,,,,,,3.42,,,,,,,,,,,,,,,,,,,,,https://doi.org/10.1093/mnras/stab2275,1
5359,https://fastzjlab-imgs.alkaidos.cn/img/plain/blinkverse/data/frb/frb20010122b_5620.png,5620,FRB20010122B,Parkes,,0.0,13 beam,1230-1518,51931.00648056,324.2434,-15.5397,7.9,364.0,,,,,,10.38,,,,,,,,,,,,,,,,,,,,,https://doi.org/10.1093/mnras/stab2275,0
2875,https://fastzjlab-imgs.alkaidos.cn/img/plain/blinkverse/data/frb/frb20181222e_3308.jpg,3308,FRB20181222E,CHIME,,0.0,,400-800,58474.7187972099,124.97,24.72,36.7,327.9797,+0.0048/-0.0048,327.989,+0.004/-0.004,1.12,+0.7/-0.7,3.93,,672.3,400.2,492.8,5.5,+3.2/-3.2,,,70,+3/-3,,,-91.8,+0.1/-0.1,-92.9,+0.1/-0.1,0.79,+0.12/-0.12,,,"[https://www.chime-frb.ca/catalog, https://arxiv.org/abs/2401.17378]",2
